timestamp,gender,intel_fisik_cowo,creative_fisik_cowo,social_fisik_cowo,sporty_fisik_cowo,techie_fisik_cowo,relig_fisik_cowo,mini_fisik_cowo,active_fisik_cowo,intel_fisik_cewe,creative_fisik_cewe,social_fisik_cewe,sporty_fisik_cewe,techie_fisik_cewe,relig_fisik_cewe,mini_fisik_cewe,active_fisik_cewe,intel_lokasi,creative_lokasi,social_lokasi,sporty_lokasi,techie_lokasi,relig_lokasi,mini_lokasi,active_lokasi
"12/17/2025 11:28:38,Laki-laki,""Kaca mata, Baju Kemeja / Berkerah / Rapi, Batik, Hijab Syar'i, Menggunakan Rok/Celana Kain Panjang, Flatshoes, Tas Laptop, Tas Ransel, Rambut Diikat Satu, Rambut Digerai Rapi, Membawa Buku/Laptop Tebal, Makeup Natural, Tanpa Makeup, Aktif Ikut Organisasi, Aktif Ikut Seminar"",""Batik, Kaosan, Celana Jeans, Sepatu Sneaker / Running, Sepatu Coverse / Docmart / Boots, Tote Bag, Patongan Rambut Unik, Menggunakan Pewarna Rambut, Aksesoris Etnik (Gelang Manik, Cincin Batu), Menggunakan Headphone, Membawa Kamera Analog, Tanpa Makeup, Aktif Ikut Organisasi"",""Baju Kemeja / Berkerah / Rapi, Menggunakan Rok/Celana Kain Panjang, Heels, Sepatu Coverse / Docmart / Boots, Tote Bag, Hand Bag / Tas Bahu Kecil, Rambut Digerai Rapi, Rambut Styling (Catok/Curly), Menggunakan Pewarna Rambut, Memakai Barang Branded, Memakai Smartwatch, Makeup Bold (Mencolok)"",""Baju Jersey, Celana Training / jogger Pants / Legging, Sepatu Sneaker / Running, Tas Ransel, Rambut Diikat Satu, Menggunakan Headphone, Memakai Smartwatch, Tanpa Makeup"",""Kemeja Organisasi, Kaosan, Baju Oversize, Celana Jeans, Sepatu Coverse / Docmart / Boots, Tote Bag, Rambut Diikat Satu, Outfit Vintage / Thrift / Retro, Makeup Natural, Tanpa Makeup, Aktif Ikut Organisasi, Penampilan Cuek"",""Baju Kemeja / Berkerah / Rapi, Gamis, Batik, Hijab Syar'i, Menggunakan Rok/Celana Kain Panjang, Flatshoes, Tote Bag, Makeup Natural, Aktif Ikut Seminar"",""Baju Kemeja / Berkerah / Rapi, Hoodie, Kaosan, Menggunakan Rok/Celana Kain Panjang, Flatshoes, Tote Bag, Rambut Diikat Satu, Rambut Digerai Rapi, Makeup Natural, Tanpa Makeup, Aktif Ikut Organisasi"",""Kemeja Organisasi, Batik, Celana Jeans, Sepatu Sneaker / Running, Tote Bag, Tas Ransel, Rambut Diikat Satu, Menggantungkan ID Card, Makeup Natural, Tanpa Makeup, Aktif Ikut Organisasi, Aktif Ikut Seminar, Penampilan Cuek"",,,,,,,,,,,,,,,,"
"12/17/2025 11:42:52,Laki-laki,""Kaca mata, Baju Kemeja / Berkerah / Rapi, Menggunakan Rok/Celana Kain Panjang, Flatshoes, Sepatu Coverse / Docmart / Boots, Tote Bag, Tas Laptop, Rambut Diikat Satu, Rambut Digerai Rapi, Menggunakan Headphone, Membawa Buku/Laptop Tebal, Makeup Natural, Aktif Ikut Seminar"",""Kaca mata, Baju Kemeja / Berkerah / Rapi, Baju Oversize, Menggunakan Rok/Celana Kain Panjang, Celana Jeans, Sepatu Sneaker / Running, Sepatu Coverse / Docmart / Boots, Tas Laptop, Hand Bag / Tas Bahu Kecil, Tas Ransel, Rambut Styling (Catok/Curly), Menggunakan Pewarna Rambut, Menggunakan Headphone, Membawa Kamera Analog, Makeup Natural"",""Baju Kemeja / Berkerah / Rapi, Batik, Baju Oversize, Menggunakan Rok/Celana Kain Panjang, Celana Jeans, Flatshoes, Heels, Tote Bag, Rambut Diikat Satu, Rambut Digerai Rapi, Menggunakan Pewarna Rambut, Menggunakan Headphone, Memakai Barang Branded, Memakai Smartwatch, Makeup Bold (Mencolok), Makeup Natural, Wangi Parfum Kuat"",""Kaosan, Celana Training / jogger Pants / Legging, Sepatu Sneaker / Running, Rambut Diikat Satu, Menggunakan Headphone, Memakai Smartwatch, Tanpa Makeup"",""Kaca mata, Kemeja Organisasi, Menggunakan Rok/Celana Kain Panjang, Celana Jeans, Flatshoes, Sepatu Coverse / Docmart / Boots, Tas Laptop, Tas Ransel, Rambut Digerai Rapi, Membawa Buku/Laptop Tebal, Makeup Natural, Wangi Parfum Kuat, Aktif Ikut Organisasi"",""Kaca mata, Baju Kemeja / Berkerah / Rapi, Gamis, Hijab Syar'i, Menggunakan Rok/Celana Kain Panjang, Flatshoes, Tote Bag, Rambut Diikat Satu, Makeup Natural, Wangi Parfum Kuat"",""Kaca mata, Baju Kemeja / Berkerah / Rapi, Hoodie, Kaosan, Baju Oversize, Celana Training / jogger Pants / Legging, Flatshoes, Tote Bag, Rambut Diikat Satu, Rambut Digerai Rapi, Menggunakan Headphone, Memakai Smartwatch, Makeup Natural, Wangi Parfum Kuat"",""Kemeja Organisasi, Kaosan, Menggunakan Rok/Celana Kain Panjang, Celana Jeans, Flatshoes, Sepatu Coverse / Docmart / Boots, Tas Ransel, Rambut Diikat Satu, Menggunakan Headphone, Makeup Natural"",""Kaca mata, Baju Kemeja / Berkerah / Rapi, Menggunakan Rok/Celana Kain Panjang, Flatshoes, Tas Laptop, Tas Ransel, Rambut Digerai Rapi, Membawa Buku/Laptop Tebal, Membawa Novel, Makeup Natural, Aktif Ikut Organisasi, Aktif Ikut Seminar"",""Hoodie, Kaosan, Baju Oversize, Celana Jeans, Sepatu Sneaker / Running, Sepatu Coverse / Docmart / Boots, Tote Bag, Rambut Diikat Satu, Patongan Rambut Unik, Menggunakan Pewarna Rambut, Outfit Vintage / Thrift / Retro, Aksesoris Etnik (Gelang Manik, Cincin Batu), Menggunakan Headphone, Makeup Natural, Aktif Ikut Organisasi, Aktif Ikut Seminar"",""Baju Kemeja / Berkerah / Rapi, Menggunakan Rok/Celana Kain Panjang, Heels, Sepatu Coverse / Docmart / Boots, Hand Bag / Tas Bahu Kecil, Rambut Digerai Rapi, Rambut Styling (Catok/Curly), Memakai Barang Branded, Makeup Natural, Wangi Parfum Kuat, Penampilan Cuek"",""Baju Jersey, Hoodie, Celana Training / jogger Pants / Legging, Sepatu Sneaker / Running, Rambut Diikat Satu, Memakai Smartwatch, Tanpa Makeup"",""Kemeja Organisasi, Kaosan, Celana Training / jogger Pants / Legging, Celana Jeans, Sepatu Sneaker / Running, Sepatu Coverse / Docmart / Boots, Tote Bag, Rambut Diikat Satu, Menggunakan Pewarna Rambut, Tanpa Makeup, Aktif Ikut Organisasi"",""Baju Kemeja / Berkerah / Rapi, Gamis, Hijab Syar'i, Menggunakan Rok/Celana Kain Panjang, Flatshoes, Tote Bag, Makeup Natural, Aktif Ikut Seminar"",""Baju Kemeja / Berkerah / Rapi, Menggunakan Rok/Celana Kain Panjang, Flatshoes, Tas Ransel, Rambut Diikat Satu, Rambut Digerai Rapi, Membawa Kamera Analog, Makeup Natural, Penampilan Cuek"",""Kemeja Organisasi, Batik, Menggunakan Rok/Celana Kain Panjang, Celana Jeans, Sepatu Sneaker / Running, Tas Ransel, Rambut Diikat Satu, Membawa Buku/Laptop Tebal, Membawa Kamera Analog, Menggantungkan ID Card, Tanpa Makeup, Aktif Ikut Organisasi, Aktif Ikut Seminar, Penampilan Cuek"",""Kampus, Perpustakaan, Taman Baca, Toko Buku, Art Gallery, Rumah / Kost, Museum"",""Art Gallery, Taman Budaya, Pameran Lukisan, Taman Kota"",""Mall, Cafe, Jogging Track, Toko Makeup / Aksesoris, Salon / Klinik Kecantikan"",""Gym, Yoga Studio, Jogging Track, Car Free Day"",""Sekretariat Organisasi, Car Free Day, Taman Kota, Rumah / Kost, Thrift Shop"",""Perpustakaan, Taman Baca, Tempat Ibadah, Rumah / Kost"",""Taman Baca, Taman Kota, Rumah / Kost, Museum"",""Kampus, Sekretariat Organisasi, Taman Kota"""
"12/15/2025 18:48:02,Laki-laki,""Kaca mata, Baju Kemeja / Berkerah / Rapi, Menggunakan Rok/Celana Kain Panjang, Tas Ransel, Menggunakan Headphone, Aktif Ikut Organisasi"",""Kaca mata, Hoodie, Kaosan, Celana Training / jogger Pants / Legging"",""Kaosan, Baju Oversize, Celana Training / jogger Pants / Legging, Flatshoes, Hand Bag / Tas Bahu Kecil, Rambut Digerai Rapi, Rambut Styling (Catok/Curly), Menggunakan Pewarna Rambut"",""Baju Jersey, Hoodie, Kaosan, Celana Training / jogger Pants / Legging, Sepatu Sneaker / Running"",""Kaca mata, Baju Kemeja / Berkerah / Rapi, Menggunakan Rok/Celana Kain Panjang, Celana Training / jogger Pants / Legging, Flatshoes, Tas Ransel, Menggantungkan ID Card, Tanpa Makeup, Aktif Ikut Organisasi"",""Kaca mata, Gamis, Hijab Syar'i, Rambut Digerai Rapi, Tanpa Makeup"",""Kaca mata, Baju Kemeja / Berkerah / Rapi, Kaosan, Flatshoes"",""Kaca mata, Kemeja Organisasi, Celana Training / jogger Pants / Legging"",,,,,,,,,,,,,,,,"
"12/15/2025 18:54:47,Perempuan,,,,,,,,,""Baju Kemeja / Berkerah / Rapi, Kemeja Organisasi, Batik, Menggunakan Rok/Celana Kain Panjang, Flatshoes, Heels, Tote Bag, Rambut Styling (Catok/Curly), Makeup Natural, Aktif Ikut Organisasi, Aktif Ikut Seminar, Penampilan Cuek"",""Kaca mata, Sepatu Coverse / Docmart / Boots, Tote Bag, Patongan Rambut Unik, Menggunakan Pewarna Rambut, Outfit Vintage / Thrift / Retro, Aksesoris Etnik (Gelang Manik, Cincin Batu), Membawa Kamera Analog, Makeup Bold (Mencolok), Wangi Parfum Kuat, Merokok / vape"",""Baju Kemeja / Berkerah / Rapi, Celana Jeans, Heels, Hand Bag / Tas Bahu Kecil, Makeup Bold (Mencolok), Wangi Parfum Kuat, Aktif Ikut Organisasi"",""Baju Jersey, Celana Training / jogger Pants / Legging, Sepatu Sneaker / Running, Rambut Diikat Satu, Memakai Smartwatch, Tanpa Makeup"",""Kaca mata, Baju Kemeja / Berkerah / Rapi, Menggunakan Rok/Celana Kain Panjang, Celana Jeans, Sepatu Sneaker / Running, Sepatu Coverse / Docmart / Boots, Tas Laptop, Rambut Digerai Rapi, Membawa Buku/Laptop Tebal, Makeup Natural, Penampilan Cuek"",""Gamis, Hijab Syar'i, Sepatu Coverse / Docmart / Boots, Tas Laptop, Membawa Novel, Tanpa Makeup"",""Baju Kemeja / Berkerah / Rapi, Batik, Menggunakan Rok/Celana Kain Panjang, Flatshoes, Tote Bag, Rambut Diikat Satu, Makeup Natural"",""Kaca mata, Baju Kemeja / Berkerah / Rapi, Hoodie, Celana Jeans, Sepatu Sneaker / Running, Tas Ransel, Outfit Vintage / Thrift / Retro, Aksesoris Etnik (Gelang Manik, Cincin Batu), Membawa Kamera Analog, Makeup Natural, Aktif Ikut Organisasi"",""Kampus, Perpustakaan, Sekretariat Organisasi, Taman Baca, Toko Buku, Art Gallery"",""Art Gallery, Taman Budaya, Pameran Lukisan, Thrift Shop"",""Toko Makeup / Aksesoris, Salon / Klinik Kecantikan, Thrift Shop"",""Gym, Yoga Studio, Jogging Track, Car Free Day"",Kampus,""Perpustakaan, Tempat Ibadah, Rumah / Kost"",Thrift Shop,""Kampus, Taman Budaya, Taman Kota, Museum"""
"12/15/2025 18:56:06,Laki-laki,Aktif Ikut Seminar,""Membawa Buku/Laptop Tebal, Membawa Novel"",""Baju Kemeja / Berkerah / Rapi, Kemeja Organisasi"",""Baju Jersey, Hoodie, Sepatu Sneaker / Running"",Outfit Vintage / Thrift / Retro,""Hijab Syar'i, Aksesoris Etnik (Gelang Manik, Cincin Batu)"",Tanpa Makeup,""Kaosan, Baju Oversize"",,,,,,,,,,,,,,,,"
12/15/2025 18:59:35,Laki-laki,be baju,be baju,be baju,be baju,be baju,be baju,be baju,be baju,,,,,,,,,,,,,,,,
"12/15/2025 19:00:11,Perempuan,,,,,,,,,""Kaca mata, Baju Kemeja / Berkerah / Rapi, Kemeja Organisasi, Batik, Celana Jeans, Sepatu Sneaker / Running, Sepatu Coverse / Docmart / Boots, Rambut Digerai Rapi, Outfit Vintage / Thrift / Retro, Membawa Novel, Makeup Natural, Wangi Parfum Kuat, Aktif Ikut Organisasi"",""Kaca mata, Kemeja Organisasi, Kaosan, Baju Oversize, Celana Jeans, Sepatu Sneaker / Running, Sepatu Coverse / Docmart / Boots, Tote Bag, Tas Laptop, Rambut Diikat Satu, Patongan Rambut Unik, Menggunakan Pewarna Rambut, Membawa Buku/Laptop Tebal, Membawa Kamera Analog, Makeup Natural, Aktif Ikut Organisasi, Penampilan Cuek"",""Baju Kemeja / Berkerah / Rapi, Batik, Hijab Syar'i, Celana Training / jogger Pants / Legging, Sepatu Sneaker / Running, Heels, Rambut Digerai Rapi, Rambut Styling (Catok/Curly), Aksesoris Etnik (Gelang Manik, Cincin Batu), Memakai Barang Branded, Memakai Smartwatch, Makeup Bold (Mencolok), Wangi Parfum Kuat"",""Baju Jersey, Hoodie, Baju Oversize, Menggunakan Rok/Celana Kain Panjang, Celana Training / jogger Pants / Legging, Sepatu Sneaker / Running, Hand Bag / Tas Bahu Kecil, Memakai Barang Branded, Tanpa Makeup, Penampilan Cuek"",""Kaca mata, Baju Kemeja / Berkerah / Rapi, Kemeja Organisasi, Hoodie, Batik, Kaosan, Celana Jeans, Sepatu Sneaker / Running, Flatshoes, Sepatu Coverse / Docmart / Boots, Tas Laptop, Tas Ransel, Rambut Diikat Satu, Outfit Vintage / Thrift / Retro, Membawa Buku/Laptop Tebal, Membawa Novel, Menggantungkan ID Card, Makeup Natural, Aktif Ikut Organisasi, Aktif Ikut Seminar, Penampilan Cuek"",""Baju Kemeja / Berkerah / Rapi, Gamis, Baju Oversize, Hijab Syar'i, Menggunakan Rok/Celana Kain Panjang, Heels, Tote Bag, Membawa Novel, Makeup Natural, Aktif Ikut Seminar"",""Kaca mata, Baju Kemeja / Berkerah / Rapi, Kaosan, Celana Jeans, Sepatu Coverse / Docmart / Boots, Rambut Diikat Satu, Menggunakan Headphone, Makeup Natural"",""Baju Kemeja / Berkerah / Rapi, Kemeja Organisasi, Menggunakan Rok/Celana Kain Panjang, Celana Jeans, Sepatu Sneaker / Running, Flatshoes, Sepatu Coverse / Docmart / Boots, Tote Bag, Rambut Diikat Satu, Menggantungkan ID Card, Tanpa Makeup, Aktif Ikut Organisasi, Aktif Ikut Seminar"",""Kampus, Perpustakaan, Cafe, Rumah / Kost, Museum"",""Kampus, Perpustakaan, Taman Baca, Toko Buku, Art Gallery, Taman Budaya, Pameran Lukisan, Cafe, Thrift Shop"",""Sekretariat Organisasi, Mall, Gym, Car Free Day, Toko Makeup / Aksesoris, Salon / Klinik Kecantikan"",""Gym, Yoga Studio, Jogging Track, Car Free Day, Taman Kota"",""Kampus, Sekretariat Organisasi, Cafe, Jogging Track, Thrift Shop"",""Kampus, Tempat Ibadah"",""Perpustakaan, Toko Buku, Art Gallery, Cafe, Taman Kota, Museum"",""Kampus, Sekretariat Organisasi, Taman Baca, Pameran Lukisan, Cafe, Taman Kota"""
"12/15/2025 19:01:17,Laki-laki,Baju Jersey,""Aksesoris Etnik (Gelang Manik, Cincin Batu)"",Baju Jersey,Aktif Ikut Organisasi,""Tote Bag, Tanpa Makeup"",Gamis,Rambut Digerai Rapi,Tote Bag,,,,,,,,,,,,,,,,"
"12/15/2025 19:05:04,Laki-laki,""Kaca mata, Baju Kemeja / Berkerah / Rapi, Menggunakan Rok/Celana Kain Panjang, Flatshoes, Tote Bag, Rambut Digerai Rapi, Membawa Buku/Laptop Tebal, Makeup Natural, Aktif Ikut Seminar"",""Celana Jeans, Flatshoes, Rambut Diikat Satu, Outfit Vintage / Thrift / Retro, Makeup Natural"",""Baju Oversize, Sepatu Coverse / Docmart / Boots, Patongan Rambut Unik, Wangi Parfum Kuat"",""Celana Training / jogger Pants / Legging, Sepatu Sneaker / Running, Rambut Diikat Satu, Memakai Smartwatch, Makeup Natural"",""Kaca mata, Baju Kemeja / Berkerah / Rapi, Batik, Menggunakan Rok/Celana Kain Panjang, Celana Jeans, Sepatu Coverse / Docmart / Boots, Tas Laptop, Tas Ransel, Memakai Smartwatch, Makeup Natural, Penampilan Cuek"",""Gamis, Hijab Syar'i, Makeup Natural"",""Baju Kemeja / Berkerah / Rapi, Batik, Menggunakan Rok/Celana Kain Panjang, Sepatu Coverse / Docmart / Boots, Penampilan Cuek"",""Kemeja Organisasi, Celana Jeans, Sepatu Coverse / Docmart / Boots, Patongan Rambut Unik, Menggunakan Pewarna Rambut, Memakai Barang Branded, Makeup Bold (Mencolok), Aktif Ikut Organisasi, Merokok / vape"",,,,,,,,,,,,,,,,"
"12/15/2025 19:08:23,Perempuan,,,,,,,,,""Kaca mata, Baju Kemeja / Berkerah / Rapi, Kemeja Organisasi, Batik, Menggunakan Rok/Celana Kain Panjang, Celana Jeans, Flatshoes, Heels, Sepatu Coverse / Docmart / Boots, Tote Bag, Tas Ransel, Rambut Diikat Satu, Rambut Digerai Rapi, Rambut Styling (Catok/Curly), Makeup Natural, Aktif Ikut Organisasi, Aktif Ikut Seminar, Penampilan Cuek"",""Baju Kemeja / Berkerah / Rapi, Kaosan, Baju Oversize, Celana Jeans, Flatshoes, Sepatu Coverse / Docmart / Boots, Tote Bag, Rambut Diikat Satu, Rambut Digerai Rapi, Patongan Rambut Unik, Rambut Styling (Catok/Curly), Menggunakan Pewarna Rambut, Outfit Vintage / Thrift / Retro, Aksesoris Etnik (Gelang Manik, Cincin Batu), Makeup Bold (Mencolok), Makeup Natural, Wangi Parfum Kuat"",""Baju Kemeja / Berkerah / Rapi, Celana Jeans, Heels, Sepatu Coverse / Docmart / Boots, Tote Bag, Hand Bag / Tas Bahu Kecil, Rambut Digerai Rapi, Rambut Styling (Catok/Curly), Aksesoris Etnik (Gelang Manik, Cincin Batu), Menggunakan Headphone, Memakai Barang Branded, Memakai Smartwatch, Makeup Bold (Mencolok), Makeup Natural, Wangi Parfum Kuat"",""Baju Jersey, Kaosan, Baju Oversize, Celana Training / jogger Pants / Legging, Sepatu Sneaker / Running, Tote Bag, Tas Ransel, Rambut Diikat Satu, Tanpa Makeup"",""Kaca mata, Baju Kemeja / Berkerah / Rapi, Celana Jeans, Flatshoes, Tas Laptop, Tas Ransel, Rambut Diikat Satu, Rambut Digerai Rapi, Menggunakan Headphone, Membawa Buku/Laptop Tebal, Makeup Natural, Tanpa Makeup"",""Hijab Syar'i, Menggunakan Rok/Celana Kain Panjang, Flatshoes, Makeup Natural, Tanpa Makeup"",""Baju Kemeja / Berkerah / Rapi, Celana Jeans, Flatshoes, Tote Bag, Rambut Diikat Satu, Rambut Digerai Rapi"",""Kaosan, Celana Training / jogger Pants / Legging, Flatshoes, Rambut Diikat Satu, Tanpa Makeup, Penampilan Cuek"",""Kampus, Perpustakaan"",""Art Gallery, Taman Budaya, Pameran Lukisan, Mall"",""Mall, Cafe, Toko Makeup / Aksesoris, Salon / Klinik Kecantikan"",""Gym, Yoga Studio, Jogging Track, Car Free Day"",""Kampus, Perpustakaan, Sekretariat Organisasi, Rumah / Kost"",""Tempat Ibadah, Rumah / Kost"",""Kampus, Mall, Cafe, Rumah / Kost"",""Kampus, Sekretariat Organisasi"""
"12/15/2025 19:09:09,Perempuan,,,,,,,,,""Baju Kemeja / Berkerah / Rapi, Tas Ransel, Penampilan Cuek"",Kaca mata,""Kemeja Organisasi, Aktif Ikut Organisasi, Aktif Ikut Seminar"",""Baju Jersey, Celana Training / jogger Pants / Legging, Sepatu Sneaker / Running, Rambut Diikat Satu, Memakai Smartwatch, Tanpa Makeup"",""Baju Kemeja / Berkerah / Rapi, Kemeja Organisasi, Celana Jeans, Tas Laptop, Membawa Buku/Laptop Tebal, Makeup Natural"",""Gamis, Baju Oversize, Hijab Syar'i, Menggunakan Rok/Celana Kain Panjang"",""Kaosan, Celana Jeans, Tas Ransel"",""Baju Kemeja / Berkerah / Rapi, Kemeja Organisasi, Celana Jeans, Rambut Digerai Rapi, Menggunakan Headphone"",""Kampus, Perpustakaan"",Kampus,Salon / Klinik Kecantikan,""Gym, Yoga Studio, Jogging Track"",""Kampus, Cafe, Rumah / Kost"",""Tempat Ibadah, Rumah / Kost"",""Kampus, Toko Buku, Taman Kota, Rumah / Kost"",Sekretariat Organisasi"
"12/15/2025 19:13:48,Laki-laki,""Kaca mata, Baju Kemeja / Berkerah / Rapi, Gamis, Hijab Syar'i, Menggunakan Rok/Celana Kain Panjang, Membawa Buku/Laptop Tebal, Makeup Natural, Aktif Ikut Organisasi, Penampilan Cuek"",""Kaca mata, Baju Kemeja / Berkerah / Rapi, Kemeja Organisasi, Batik, Baju Oversize, Hijab Syar'i, Menggunakan Rok/Celana Kain Panjang, Membawa Buku/Laptop Tebal, Memakai Smartwatch, Makeup Natural, Aktif Ikut Organisasi, Aktif Ikut Seminar"",""Baju Jersey, Hoodie, Kaosan, Celana Training / jogger Pants / Legging, Celana Jeans, Sepatu Sneaker / Running, Flatshoes, Heels, Hand Bag / Tas Bahu Kecil, Patongan Rambut Unik, Rambut Styling (Catok/Curly), Menggunakan Pewarna Rambut, Outfit Vintage / Thrift / Retro, Aksesoris Etnik (Gelang Manik, Cincin Batu), Memakai Barang Branded, Memakai Smartwatch, Makeup Bold (Mencolok), Wangi Parfum Kuat, Merokok / vape"",""Baju Jersey, Celana Training / jogger Pants / Legging, Sepatu Sneaker / Running, Rambut Diikat Satu, Memakai Smartwatch, Makeup Natural"",""Baju Kemeja / Berkerah / Rapi, Kemeja Organisasi, Kaosan, Hijab Syar'i, Celana Jeans, Tas Laptop, Tas Ransel, Rambut Diikat Satu, Rambut Digerai Rapi, Outfit Vintage / Thrift / Retro, Membawa Buku/Laptop Tebal, Menggantungkan ID Card, Makeup Natural, Tanpa Makeup, Aktif Ikut Organisasi"",""Gamis, Hijab Syar'i, Sepatu Coverse / Docmart / Boots, Tote Bag, Hand Bag / Tas Bahu Kecil, Membawa Buku/Laptop Tebal, Membawa Novel, Makeup Natural, Tanpa Makeup, Aktif Ikut Seminar, Penampilan Cuek"",""Kaca mata, Baju Kemeja / Berkerah / Rapi, Kaosan, Menggunakan Rok/Celana Kain Panjang, Celana Jeans, Tote Bag, Hand Bag / Tas Bahu Kecil, Rambut Diikat Satu, Rambut Digerai Rapi, Makeup Natural, Tanpa Makeup, Penampilan Cuek"",""Baju Kemeja / Berkerah / Rapi, Kemeja Organisasi, Menggunakan Rok/Celana Kain Panjang, Celana Jeans, Flatshoes, Rambut Diikat Satu, Menggantungkan ID Card, Makeup Natural, Tanpa Makeup, Aktif Ikut Organisasi, Aktif Ikut Seminar"",,,,,,,,,,,,,,,,"
"12/15/2025 19:30:40,Perempuan,,,,,,,,,""Kaca mata, Baju Kemeja / Berkerah / Rapi, Kemeja Organisasi, Menggunakan Rok/Celana Kain Panjang, Sepatu Sneaker / Running, Flatshoes, Sepatu Coverse / Docmart / Boots, Tas Ransel, Rambut Digerai Rapi, Makeup Natural, Aktif Ikut Organisasi, Aktif Ikut Seminar"",""Baju Oversize, Menggunakan Rok/Celana Kain Panjang, Flatshoes, Sepatu Coverse / Docmart / Boots, Tote Bag, Rambut Diikat Satu, Rambut Styling (Catok/Curly), Outfit Vintage / Thrift / Retro, Memakai Smartwatch, Membawa Kamera Analog, Makeup Bold (Mencolok), Tanpa Makeup, Wangi Parfum Kuat, Penampilan Cuek"",""Baju Kemeja / Berkerah / Rapi, Baju Oversize, Menggunakan Rok/Celana Kain Panjang, Flatshoes, Sepatu Coverse / Docmart / Boots, Tote Bag, Hand Bag / Tas Bahu Kecil, Rambut Styling (Catok/Curly), Memakai Barang Branded, Memakai Smartwatch, Makeup Bold (Mencolok), Makeup Natural, Wangi Parfum Kuat"",""Baju Oversize, Menggunakan Rok/Celana Kain Panjang, Celana Training / jogger Pants / Legging, Celana Jeans, Sepatu Sneaker / Running, Sepatu Coverse / Docmart / Boots, Tas Ransel, Patongan Rambut Unik, Aksesoris Etnik (Gelang Manik, Cincin Batu), Tanpa Makeup, Merokok / vape"",""Kaca mata, Baju Kemeja / Berkerah / Rapi, Kemeja Organisasi, Menggunakan Rok/Celana Kain Panjang, Celana Jeans, Flatshoes, Sepatu Coverse / Docmart / Boots, Tas Ransel, Rambut Diikat Satu, Rambut Digerai Rapi, Membawa Buku/Laptop Tebal, Makeup Natural, Aktif Ikut Organisasi, Aktif Ikut Seminar"",""Baju Kemeja / Berkerah / Rapi, Gamis, Hijab Syar'i, Menggunakan Rok/Celana Kain Panjang, Sepatu Sneaker / Running, Flatshoes, Tote Bag, Tas Ransel, Rambut Diikat Satu, Makeup Natural, Wangi Parfum Kuat, Penampilan Cuek"",""Baju Kemeja / Berkerah / Rapi, Menggunakan Rok/Celana Kain Panjang, Flatshoes, Tote Bag, Tas Ransel, Rambut Diikat Satu, Makeup Natural, Wangi Parfum Kuat, Penampilan Cuek"",""Kaca mata, Baju Kemeja / Berkerah / Rapi, Kemeja Organisasi, Menggunakan Rok/Celana Kain Panjang, Flatshoes, Sepatu Coverse / Docmart / Boots, Tote Bag, Tas Laptop, Tas Ransel, Rambut Diikat Satu, Rambut Digerai Rapi, Membawa Buku/Laptop Tebal, Membawa Kamera Analog, Makeup Natural, Penampilan Cuek"",""Kampus, Perpustakaan, Sekretariat Organisasi, Toko Buku, Art Gallery, Pameran Lukisan, Museum"",""Taman Baca, Art Gallery, Pameran Lukisan, Cafe, Taman Kota, Thrift Shop"",""Kampus, Sekretariat Organisasi, Mall, Cafe, Gym, Toko Makeup / Aksesoris, Salon / Klinik Kecantikan, Rumah / Kost"",""Mall, Cafe, Gym, Yoga Studio, Jogging Track, Car Free Day, Taman Kota"",""Kampus, Perpustakaan, Sekretariat Organisasi, Taman Baca, Toko Buku, Art Gallery, Taman Budaya, Pameran Lukisan, Mall, Cafe, Gym, Jogging Track, Car Free Day, Toko Makeup / Aksesoris, Rumah / Kost, Thrift Shop"",""Perpustakaan, Taman Baca, Cafe, Tempat Ibadah, Rumah / Kost, Museum"",""Kampus, Mall, Cafe, Jogging Track, Toko Makeup / Aksesoris, Rumah / Kost"",""Kampus, Perpustakaan, Sekretariat Organisasi, Toko Buku, Taman Budaya, Pameran Lukisan, Cafe, Taman Kota, Rumah / Kost"""
"12/15/2025 19:31:50,Laki-laki,""Kaca mata, Baju Kemeja / Berkerah / Rapi, Batik, Menggunakan Rok/Celana Kain Panjang, Celana Jeans, Sepatu Sneaker / Running, Flatshoes, Heels, Tote Bag, Tas Laptop, Hand Bag / Tas Bahu Kecil, Rambut Diikat Satu, Rambut Digerai Rapi, Rambut Styling (Catok/Curly), Menggunakan Pewarna Rambut, Menggunakan Headphone, Membawa Buku/Laptop Tebal, Memakai Barang Branded, Memakai Smartwatch, Menggantungkan ID Card, Makeup Natural, Tanpa Makeup, Wangi Parfum Kuat, Aktif Ikut Organisasi, Aktif Ikut Seminar"",""Kaca mata, Baju Kemeja / Berkerah / Rapi, Kemeja Organisasi, Batik, Kaosan, Menggunakan Rok/Celana Kain Panjang, Celana Training / jogger Pants / Legging, Celana Jeans, Sepatu Sneaker / Running, Sepatu Coverse / Docmart / Boots, Tas Laptop, Rambut Diikat Satu, Rambut Digerai Rapi, Patongan Rambut Unik, Menggunakan Pewarna Rambut, Outfit Vintage / Thrift / Retro, Aksesoris Etnik (Gelang Manik, Cincin Batu), Menggunakan Headphone, Merokok / vape"",""Baju Kemeja / Berkerah / Rapi, Menggunakan Rok/Celana Kain Panjang, Celana Jeans, Sepatu Sneaker / Running, Heels, Rambut Diikat Satu, Rambut Styling (Catok/Curly), Menggunakan Pewarna Rambut, Menggunakan Headphone, Memakai Smartwatch, Makeup Bold (Mencolok)"",""Baju Jersey, Hoodie, Kaosan, Celana Training / jogger Pants / Legging, Sepatu Sneaker / Running, Rambut Diikat Satu, Menggunakan Pewarna Rambut, Memakai Smartwatch, Makeup Natural, Wangi Parfum Kuat"",""Kaca mata, Baju Kemeja / Berkerah / Rapi, Kemeja Organisasi, Hoodie, Batik, Baju Oversize, Menggunakan Rok/Celana Kain Panjang, Celana Jeans, Sepatu Sneaker / Running, Flatshoes, Sepatu Coverse / Docmart / Boots, Tas Laptop, Hand Bag / Tas Bahu Kecil, Tas Ransel, Rambut Diikat Satu, Rambut Digerai Rapi, Patongan Rambut Unik, Rambut Styling (Catok/Curly), Menggunakan Pewarna Rambut, Outfit Vintage / Thrift / Retro, Aksesoris Etnik (Gelang Manik, Cincin Batu), Menggunakan Headphone, Membawa Buku/Laptop Tebal, Memakai Barang Branded, Memakai Smartwatch, Makeup Natural, Tanpa Makeup, Wangi Parfum Kuat, Aktif Ikut Organisasi, Aktif Ikut Seminar, Penampilan Cuek, Merokok / vape"",""Gamis, Batik, Baju Oversize, Hijab Syar'i, Menggunakan Rok/Celana Kain Panjang, Flatshoes, Tote Bag, Menggunakan Headphone, Memakai Smartwatch, Makeup Natural, Wangi Parfum Kuat, Aktif Ikut Seminar, Penampilan Cuek"",""Kaca mata, Baju Kemeja / Berkerah / Rapi, Celana Jeans, Sepatu Sneaker / Running, Heels, Tote Bag, Rambut Diikat Satu, Menggunakan Pewarna Rambut, Menggunakan Headphone, Memakai Barang Branded, Memakai Smartwatch, Makeup Bold (Mencolok), Makeup Natural, Tanpa Makeup"",""Kaca mata, Baju Kemeja / Berkerah / Rapi, Kemeja Organisasi, Menggunakan Rok/Celana Kain Panjang, Celana Jeans, Sepatu Sneaker / Running, Sepatu Coverse / Docmart / Boots, Tas Ransel, Rambut Digerai Rapi, Patongan Rambut Unik, Outfit Vintage / Thrift / Retro, Menggunakan Headphone, Membawa Buku/Laptop Tebal, Memakai Smartwatch, Tanpa Makeup, Wangi Parfum Kuat, Aktif Ikut Organisasi, Merokok / vape"",,,,,,,,,,,,,,,,"
"12/15/2025 19:32:46,Perempuan,,,,,,,,,""Baju Kemeja / Berkerah / Rapi, Celana Jeans, Sepatu Sneaker / Running, Flatshoes, Sepatu Coverse / Docmart / Boots, Hand Bag / Tas Bahu Kecil, Tas Ransel, Rambut Digerai Rapi, Memakai Smartwatch, Membawa Novel"",""Hoodie, Tas Laptop, Patongan Rambut Unik, Rambut Styling (Catok/Curly), Menggunakan Pewarna Rambut, Outfit Vintage / Thrift / Retro, Aksesoris Etnik (Gelang Manik, Cincin Batu), Makeup Natural, Wangi Parfum Kuat, "",""Hoodie, Kaosan, Sepatu Sneaker / Running, Hand Bag / Tas Bahu Kecil, Memakai Barang Branded, Makeup Bold (Mencolok), Merokok / vape"",""Baju Jersey, Kaosan, Sepatu Sneaker / Running, Rambut Diikat Satu, Memakai Smartwatch, Tanpa Makeup"",""Kaosan, Menggunakan Headphone, Makeup Natural, Aktif Ikut Organisasi, Penampilan Cuek"",""Gamis, Baju Oversize, Hijab Syar'i"",""Hoodie, Kaosan, Baju Oversize, Patongan Rambut Unik, Menggunakan Pewarna Rambut, Outfit Vintage / Thrift / Retro, Menggunakan Headphone"",""Kemeja Organisasi, Menggantungkan ID Card, Aktif Ikut Seminar"",""Kampus, Perpustakaan"",""Taman Baca, Art Gallery, Taman Kota"",""Mall, Cafe, Toko Makeup / Aksesoris, Salon / Klinik Kecantikan, hotel"",Jogging Track,""Kampus, Rumah / Kost, gawi laprak"",""Rumah / Kost, haulan guru"",""Kampus, Perpustakaan, Sekretariat Organisasi, Taman Baca, Toko Buku, Art Gallery, Taman Budaya, Pameran Lukisan, Mall, Cafe, Gym, Yoga Studio, Jogging Track, Car Free Day, Tempat Ibadah, Taman Kota, Toko Makeup / Aksesoris, Salon / Klinik Kecantikan, Rumah / Kost, Thrift Shop, Museum"",""Kampus, Sekretariat Organisasi"""
"12/15/2025 19:33:04,Laki-laki,""Kaca mata, Baju Kemeja / Berkerah / Rapi, Penampilan Cuek"",""Makeup Bold (Mencolok), gothic style"",""Heels, Hand Bag / Tas Bahu Kecil"",""Baju Jersey, Celana Training / jogger Pants / Legging, Sepatu Sneaker / Running"",""Kemeja Organisasi, Tas Laptop, Penampilan Cuek, outfit full hitam"",""Hijab Syar'i, pakai kalung salib, bawa candi"",gak tau,""Kemeja Organisasi, Menggunakan Rok/Celana Kain Panjang, Sepatu Coverse / Docmart / Boots, Menggantungkan ID Card, Aktif Ikut Organisasi, Aktif Ikut Seminar, seperti muh ghazi"",,,,,,,,,,,,,,,,"
"12/15/2025 19:36:26,Laki-laki,""Kaca mata, Baju Kemeja / Berkerah / Rapi, Kemeja Organisasi, Batik, Menggunakan Rok/Celana Kain Panjang, Celana Jeans, Sepatu Sneaker / Running, Flatshoes, Sepatu Coverse / Docmart / Boots, Tote Bag, Tas Laptop, Tas Ransel, Makeup Bold (Mencolok), Makeup Natural, Tanpa Makeup, Aktif Ikut Organisasi, Aktif Ikut Seminar, Penampilan Cuek"",""Kaca mata, Hoodie, Kaosan, Baju Oversize, Menggunakan Rok/Celana Kain Panjang, Celana Jeans, Sepatu Sneaker / Running, Flatshoes, Sepatu Coverse / Docmart / Boots, Hand Bag / Tas Bahu Kecil, Rambut Diikat Satu, Rambut Digerai Rapi, Patongan Rambut Unik, Rambut Styling (Catok/Curly), Menggunakan Pewarna Rambut, Membawa Novel, Makeup Natural, Tanpa Makeup, Aktif Ikut Organisasi"",""Kaca mata, Kemeja Organisasi, Baju Jersey, Hoodie, Kaosan, Baju Oversize, Menggunakan Rok/Celana Kain Panjang, Celana Training / jogger Pants / Legging, Celana Jeans, Sepatu Sneaker / Running, Flatshoes, Heels, Sepatu Coverse / Docmart / Boots, Tote Bag, Rambut Diikat Satu, Patongan Rambut Unik, Rambut Styling (Catok/Curly), Menggunakan Pewarna Rambut, Outfit Vintage / Thrift / Retro, Aksesoris Etnik (Gelang Manik, Cincin Batu), Memakai Barang Branded, Membawa Kamera Analog, Makeup Bold (Mencolok), Wangi Parfum Kuat, Aktif Ikut Organisasi"",""Baju Jersey, Baju Oversize, Celana Training / jogger Pants / Legging, Sepatu Sneaker / Running, Hand Bag / Tas Bahu Kecil, Tas Ransel, Rambut Diikat Satu, Memakai Smartwatch, Aktif Ikut Organisasi"",""Kaca mata, Baju Kemeja / Berkerah / Rapi, Kemeja Organisasi, Kaosan, Menggunakan Rok/Celana Kain Panjang, Celana Jeans, Flatshoes, Sepatu Coverse / Docmart / Boots, Tas Laptop, Tas Ransel, Membawa Buku/Laptop Tebal, Makeup Natural"",""Baju Kemeja / Berkerah / Rapi, Gamis, Hijab Syar'i, Menggunakan Rok/Celana Kain Panjang, Flatshoes, Sepatu Coverse / Docmart / Boots, Tote Bag, Tas Laptop, Hand Bag / Tas Bahu Kecil, Makeup Natural, Penampilan Cuek"",""Kaca mata, Baju Kemeja / Berkerah / Rapi, Batik, Menggunakan Rok/Celana Kain Panjang, Flatshoes, Sepatu Coverse / Docmart / Boots, Tas Laptop, Tas Ransel, Rambut Digerai Rapi, Memakai Smartwatch, Makeup Natural"",""Kaca mata, Kemeja Organisasi, Batik, Flatshoes, Sepatu Coverse / Docmart / Boots, Rambut Digerai Rapi, Tanpa Makeup, Aktif Ikut Organisasi, Aktif Ikut Seminar"",,,,,,,,,,,,,,,,"
"12/15/2025 19:37:12,Laki-laki,""Kaca mata, Baju Kemeja / Berkerah / Rapi, Batik, Menggunakan Rok/Celana Kain Panjang, Tas Laptop, Tas Ransel, Rambut Digerai Rapi, Menggunakan Headphone, Membawa Buku/Laptop Tebal, Memakai Smartwatch, Menggantungkan ID Card"",""Rambut Diikat Satu, Menggunakan Headphone, Membawa Buku/Laptop Tebal, Membawa Novel, Makeup Natural"",""Kaca mata, Sepatu Coverse / Docmart / Boots, Hand Bag / Tas Bahu Kecil, Rambut Styling (Catok/Curly), Menggunakan Pewarna Rambut, Menggunakan Headphone, Memakai Barang Branded, Makeup Bold (Mencolok), Penampilan Cuek"",""Baju Jersey, Kaosan, Celana Training / jogger Pants / Legging, Sepatu Sneaker / Running, Hand Bag / Tas Bahu Kecil, Rambut Diikat Satu, Menggunakan Headphone, Memakai Smartwatch, Makeup Natural"",""Kemeja Organisasi, Celana Jeans, Sepatu Coverse / Docmart / Boots, Hand Bag / Tas Bahu Kecil, Tas Ransel, Rambut Diikat Satu, Menggunakan Headphone, Membawa Buku/Laptop Tebal, Makeup Natural, Aktif Ikut Organisasi"",""Gamis, Baju Oversize, Hijab Syar'i, Menggunakan Rok/Celana Kain Panjang, Flatshoes, Hand Bag / Tas Bahu Kecil, Membawa Novel, Makeup Natural"",""Hoodie, Kaosan, Menggunakan Rok/Celana Kain Panjang, Flatshoes, Tas Ransel, Rambut Diikat Satu, Menggunakan Headphone, Makeup Natural"",""Kemeja Organisasi, Celana Jeans, Sepatu Coverse / Docmart / Boots, Outfit Vintage / Thrift / Retro, Membawa Kamera Analog, Menggantungkan ID Card, Makeup Natural, Aktif Ikut Organisasi, Aktif Ikut Seminar, Penampilan Cuek"",,,,,,,,,,,,,,,,"
"12/15/2025 19:37:55,Perempuan,,,,,,,,,""Baju Kemeja / Berkerah / Rapi, Menggunakan Rok/Celana Kain Panjang, Sepatu Sneaker / Running, Flatshoes, Heels, Sepatu Coverse / Docmart / Boots, Membawa Novel, Menggantungkan ID Card, Makeup Natural"",""Hoodie, Kaosan, Baju Oversize, Celana Jeans, Sepatu Sneaker / Running, Tote Bag, Tas Laptop, Rambut Digerai Rapi, Patongan Rambut Unik, Rambut Styling (Catok/Curly), Menggunakan Pewarna Rambut, Aktif Ikut Organisasi, Aktif Ikut Seminar"",""Baju Kemeja / Berkerah / Rapi, Menggunakan Rok/Celana Kain Panjang, Celana Jeans, Heels, Rambut Digerai Rapi, Rambut Styling (Catok/Curly), Outfit Vintage / Thrift / Retro, Aksesoris Etnik (Gelang Manik, Cincin Batu), Memakai Barang Branded"",""Baju Jersey, Kaosan, Baju Oversize, Celana Training / jogger Pants / Legging, Sepatu Sneaker / Running, Rambut Diikat Satu, Memakai Smartwatch, Tanpa Makeup"",""Kaca mata, Baju Kemeja / Berkerah / Rapi, Kemeja Organisasi, Menggunakan Rok/Celana Kain Panjang, Celana Jeans, Sepatu Sneaker / Running, Flatshoes, Sepatu Coverse / Docmart / Boots, Rambut Diikat Satu, Rambut Digerai Rapi, Makeup Natural, Tanpa Makeup, Aktif Ikut Organisasi, Aktif Ikut Seminar"",""Baju Kemeja / Berkerah / Rapi, Baju Oversize, Hijab Syar'i, Menggunakan Rok/Celana Kain Panjang, Sepatu Sneaker / Running, Flatshoes, Tas Ransel, Rambut Diikat Satu, Rambut Digerai Rapi, Membawa Novel, Makeup Natural, Tanpa Makeup"",""Baju Kemeja / Berkerah / Rapi, Kaosan, Baju Oversize, Menggunakan Rok/Celana Kain Panjang, Celana Training / jogger Pants / Legging, Celana Jeans, Flatshoes, Hand Bag / Tas Bahu Kecil, Rambut Diikat Satu, Rambut Digerai Rapi, Makeup Natural, Tanpa Makeup"",""Kaca mata, Baju Kemeja / Berkerah / Rapi, Kemeja Organisasi, Menggunakan Rok/Celana Kain Panjang, Celana Training / jogger Pants / Legging, Celana Jeans, Sepatu Sneaker / Running, Sepatu Coverse / Docmart / Boots, Tas Ransel, Rambut Diikat Satu, Makeup Natural, Tanpa Makeup, Aktif Ikut Organisasi, Aktif Ikut Seminar"",""Kampus, Perpustakaan, Pameran Lukisan, Cafe, Rumah / Kost"",""Kampus, Sekretariat Organisasi, Taman Baca, Toko Buku, Taman Budaya, Pameran Lukisan, Toko Makeup / Aksesoris, Salon / Klinik Kecantikan"",""Art Gallery, Mall, Yoga Studio, Toko Makeup / Aksesoris, Salon / Klinik Kecantikan"",""Gym, Jogging Track, Rumah / Kost"",""Kampus, Perpustakaan, Sekretariat Organisasi, Cafe, Rumah / Kost"",""Kampus, Taman Baca, Tempat Ibadah, Taman Kota, Rumah / Kost"",""Kampus, Taman Baca, Art Gallery, Mall, Cafe, Rumah / Kost"",""Kampus, Perpustakaan, Sekretariat Organisasi, Taman Budaya, Cafe, Taman Kota"""
"12/15/2025 19:40:00,Laki-laki,""Baju Kemeja / Berkerah / Rapi, Menggunakan Rok/Celana Kain Panjang, Celana Jeans, Sepatu Sneaker / Running, Tote Bag, Tas Laptop, Tas Ransel, Rambut Diikat Satu, Rambut Digerai Rapi, Patongan Rambut Unik, Rambut Styling (Catok/Curly), Menggunakan Pewarna Rambut, Membawa Buku/Laptop Tebal, Makeup Natural, Tanpa Makeup, Wangi Parfum Kuat, Aktif Ikut Organisasi, Aktif Ikut Seminar"",""Baju Kemeja / Berkerah / Rapi, Kaosan, Baju Oversize, Celana Training / jogger Pants / Legging, Celana Jeans, Sepatu Sneaker / Running, Tote Bag, Hand Bag / Tas Bahu Kecil, Tas Ransel, Rambut Diikat Satu, Rambut Digerai Rapi, Patongan Rambut Unik, Outfit Vintage / Thrift / Retro, Makeup Natural, Tanpa Makeup, Wangi Parfum Kuat"",""Baju Kemeja / Berkerah / Rapi, Kemeja Organisasi, Kaosan, Menggunakan Rok/Celana Kain Panjang, Celana Training / jogger Pants / Legging, Sepatu Sneaker / Running, Flatshoes, Tote Bag, Hand Bag / Tas Bahu Kecil, Rambut Diikat Satu, Rambut Digerai Rapi, Rambut Styling (Catok/Curly), Memakai Barang Branded, Makeup Bold (Mencolok), Makeup Natural, Tanpa Makeup, Wangi Parfum Kuat, Aktif Ikut Organisasi"",""Baju Jersey, Kaosan, Celana Training / jogger Pants / Legging, Sepatu Sneaker / Running, Rambut Diikat Satu, Memakai Smartwatch, Makeup Natural, Tanpa Makeup, Wangi Parfum Kuat"",""Baju Kemeja / Berkerah / Rapi, Kemeja Organisasi, Kaosan, Hijab Syar'i, Menggunakan Rok/Celana Kain Panjang, Celana Training / jogger Pants / Legging, Celana Jeans, Sepatu Sneaker / Running, Flatshoes, Tas Laptop, Tas Ransel, Rambut Diikat Satu, Rambut Digerai Rapi, Patongan Rambut Unik, Membawa Buku/Laptop Tebal, Makeup Natural, Tanpa Makeup, Wangi Parfum Kuat"",""Baju Kemeja / Berkerah / Rapi, Gamis, Baju Oversize, Hijab Syar'i, Menggunakan Rok/Celana Kain Panjang, Sepatu Sneaker / Running, Flatshoes, Tote Bag, Hand Bag / Tas Bahu Kecil, Tas Ransel, Rambut Diikat Satu, Rambut Digerai Rapi, Makeup Natural, Tanpa Makeup, Wangi Parfum Kuat"",""Baju Kemeja / Berkerah / Rapi, Hoodie, Kaosan, Celana Training / jogger Pants / Legging, Sepatu Sneaker / Running, Tote Bag, Hand Bag / Tas Bahu Kecil, Rambut Diikat Satu, Rambut Digerai Rapi, Makeup Natural, Tanpa Makeup, Wangi Parfum Kuat"",""Kaca mata, Baju Kemeja / Berkerah / Rapi, Kemeja Organisasi, Batik, Menggunakan Rok/Celana Kain Panjang, Sepatu Sneaker / Running, Flatshoes, Tote Bag, Hand Bag / Tas Bahu Kecil, Tas Ransel, Rambut Diikat Satu, Rambut Digerai Rapi, Menggantungkan ID Card, Makeup Natural, Tanpa Makeup, Aktif Ikut Organisasi, Aktif Ikut Seminar"",,,,,,,,,,,,,,,,"
"12/15/2025 20:37:54,Perempuan,,,,,,,,,""Kaca mata, Baju Kemeja / Berkerah / Rapi, Tas Laptop, Tas Ransel, Membawa Buku/Laptop Tebal, Makeup Natural, Aktif Ikut Organisasi, Aktif Ikut Seminar"",""Kaca mata, Menggunakan Rok/Celana Kain Panjang, Celana Jeans, Sepatu Sneaker / Running, Sepatu Coverse / Docmart / Boots, Tas Laptop, Rambut Diikat Satu, Menggunakan Headphone, Membawa Buku/Laptop Tebal, Membawa Kamera Analog"",""Baju Kemeja / Berkerah / Rapi, Baju Oversize, Menggunakan Rok/Celana Kain Panjang, Celana Jeans, Flatshoes, Heels, Tote Bag, Hand Bag / Tas Bahu Kecil, Rambut Styling (Catok/Curly), Menggunakan Pewarna Rambut, Outfit Vintage / Thrift / Retro, Aksesoris Etnik (Gelang Manik, Cincin Batu), Memakai Smartwatch, Makeup Bold (Mencolok), Wangi Parfum Kuat"",""Baju Jersey, Kaosan, Celana Training / jogger Pants / Legging, Sepatu Sneaker / Running, Sepatu Coverse / Docmart / Boots"",""Kaca mata, Baju Kemeja / Berkerah / Rapi, Tas Ransel, Membawa Buku/Laptop Tebal, Membawa Kamera Analog, Aktif Ikut Organisasi, Aktif Ikut Seminar"",Hijab Syar'i,""Baju Kemeja / Berkerah / Rapi, Sepatu Coverse / Docmart / Boots, Rambut Diikat Satu, Makeup Natural, Wangi Parfum Kuat"",""Aktif Ikut Organisasi, Aktif Ikut Seminar"",""Kampus, Perpustakaan, Toko Buku"",""Kampus, Perpustakaan, Toko Buku, Art Gallery, Taman Budaya, Pameran Lukisan, Rumah / Kost"",""Mall, Cafe, Toko Makeup / Aksesoris, Salon / Klinik Kecantikan"",""Gym, Yoga Studio, Jogging Track"",""Kampus, Sekretariat Organisasi, Rumah / Kost"",""Kampus, Perpustakaan, Taman Baca, Toko Buku, Tempat Ibadah"",""Perpustakaan, Taman Baca, Toko Buku, Art Gallery"",Sekretariat Organisasi"
"12/15/2025 20:49:30,Laki-laki,""Kaca mata, Baju Kemeja / Berkerah / Rapi, Menggunakan Rok/Celana Kain Panjang, Tas Laptop, Rambut Digerai Rapi, Membawa Buku/Laptop Tebal, Memakai Smartwatch, Membawa Novel, Makeup Natural, Aktif Ikut Seminar"",""Baju Oversize, Tote Bag, Patongan Rambut Unik, Rambut Styling (Catok/Curly), Menggunakan Pewarna Rambut, Outfit Vintage / Thrift / Retro, Membawa Kamera Analog"",""Baju Kemeja / Berkerah / Rapi, Heels, Tote Bag, Hand Bag / Tas Bahu Kecil, Rambut Digerai Rapi, Rambut Styling (Catok/Curly), Menggunakan Pewarna Rambut, Aksesoris Etnik (Gelang Manik, Cincin Batu), Menggunakan Headphone, Memakai Barang Branded, Memakai Smartwatch, Makeup Bold (Mencolok), Wangi Parfum Kuat"",""Baju Jersey, Hoodie, Kaosan, Celana Training / jogger Pants / Legging, Sepatu Sneaker / Running, Tas Ransel, Rambut Diikat Satu, Menggunakan Headphone, Memakai Smartwatch, Makeup Natural, Tanpa Makeup"",""Baju Kemeja / Berkerah / Rapi, Kemeja Organisasi, Kaosan, Celana Jeans, Sepatu Coverse / Docmart / Boots, Tas Laptop, Tas Ransel, Menggunakan Headphone, Membawa Buku/Laptop Tebal, Makeup Natural, Wangi Parfum Kuat, Penampilan Cuek"",""Baju Kemeja / Berkerah / Rapi, Gamis, Baju Oversize, Hijab Syar'i, Menggunakan Rok/Celana Kain Panjang, Sepatu Sneaker / Running, Flatshoes, Tote Bag, Tas Ransel"",""Baju Kemeja / Berkerah / Rapi, Kaosan, Celana Jeans, Sepatu Sneaker / Running, Flatshoes, Tote Bag, Rambut Diikat Satu, Rambut Digerai Rapi, Makeup Natural"",""Kemeja Organisasi, Menggunakan Rok/Celana Kain Panjang, Celana Jeans, Tas Laptop, Tas Ransel, Membawa Buku/Laptop Tebal, Menggantungkan ID Card, Aktif Ikut Organisasi"",,,,,,,,,,,,,,,,"
"12/15/2025 21:19:26,Laki-laki,""Kaca mata, Baju Kemeja / Berkerah / Rapi, Kemeja Organisasi, Rambut Digerai Rapi, Membawa Buku/Laptop Tebal, Makeup Natural"",""Tote Bag, Patongan Rambut Unik, Memakai Barang Branded, Makeup Bold (Mencolok)"",""Baju Kemeja / Berkerah / Rapi, Menggunakan Rok/Celana Kain Panjang, Heels, Hand Bag / Tas Bahu Kecil, Rambut Styling (Catok/Curly), Memakai Barang Branded, Memakai Smartwatch"",""Baju Jersey, Kaosan, Celana Training / jogger Pants / Legging, Sepatu Sneaker / Running, Rambut Diikat Satu, Memakai Smartwatch, Tanpa Makeup"",""Kemeja Organisasi, Celana Jeans, Sepatu Sneaker / Running, Tas Laptop, Menggunakan Pewarna Rambut, Aksesoris Etnik (Gelang Manik, Cincin Batu), Tanpa Makeup, Aktif Ikut Organisasi, Merokok / vape"",""Kaca mata, Gamis, Hijab Syar'i, Menggunakan Rok/Celana Kain Panjang, Flatshoes, Tote Bag, Membawa Novel"",""Kaca mata, Kaosan, Celana Training / jogger Pants / Legging, Sepatu Sneaker / Running, Rambut Diikat Satu, Memakai Smartwatch, Makeup Natural"",""Kemeja Organisasi, Celana Jeans, Sepatu Sneaker / Running, Sepatu Coverse / Docmart / Boots, Membawa Buku/Laptop Tebal, Menggantungkan ID Card, Aktif Ikut Organisasi, Aktif Ikut Seminar"",,,,,,,,,,,,,,,,"
"12/15/2025 21:51:22,Perempuan,,,,,,,,,""Baju Kemeja / Berkerah / Rapi, Kemeja Organisasi, Menggunakan Rok/Celana Kain Panjang, Sepatu Sneaker / Running, Sepatu Coverse / Docmart / Boots, Tote Bag, Tas Laptop, Rambut Digerai Rapi, Menggunakan Pewarna Rambut, Membawa Buku/Laptop Tebal, Membawa Novel, Makeup Natural, Aktif Ikut Organisasi, Aktif Ikut Seminar"",""Kaca mata, Baju Kemeja / Berkerah / Rapi, Kemeja Organisasi, Hoodie, Kaosan, Baju Oversize, Menggunakan Rok/Celana Kain Panjang, Celana Jeans, Flatshoes, Sepatu Coverse / Docmart / Boots, Tote Bag, Tas Laptop, Patongan Rambut Unik, Menggunakan Headphone, Makeup Natural, Tanpa Makeup, Aktif Ikut Seminar"",""Kemeja Organisasi, Celana Training / jogger Pants / Legging, Celana Jeans, Sepatu Sneaker / Running, Flatshoes, Heels, Sepatu Coverse / Docmart / Boots, Hand Bag / Tas Bahu Kecil, Tas Ransel, Rambut Digerai Rapi, Patongan Rambut Unik, Rambut Styling (Catok/Curly), Menggunakan Pewarna Rambut, Outfit Vintage / Thrift / Retro, Menggunakan Headphone, Makeup Bold (Mencolok), Makeup Natural, Wangi Parfum Kuat, Aktif Ikut Organisasi, Penampilan Cuek, Merokok / vape"",""Baju Jersey, Hoodie, Kaosan, Celana Training / jogger Pants / Legging, Celana Jeans, Sepatu Sneaker / Running, Sepatu Coverse / Docmart / Boots, Tas Ransel, Rambut Diikat Satu, Rambut Digerai Rapi, Menggunakan Headphone, Makeup Natural, Tanpa Makeup, Aktif Ikut Organisasi, Aktif Ikut Seminar"",""Kaca mata, Baju Kemeja / Berkerah / Rapi, Kemeja Organisasi, Menggunakan Rok/Celana Kain Panjang, Celana Jeans, Sepatu Sneaker / Running, Tas Laptop, Rambut Digerai Rapi, Patongan Rambut Unik, Menggunakan Pewarna Rambut, Menggunakan Headphone, Membawa Buku/Laptop Tebal, Membawa Novel, Makeup Bold (Mencolok), Makeup Natural, Aktif Ikut Organisasi, Aktif Ikut Seminar"",""Kaca mata, Baju Kemeja / Berkerah / Rapi, Kemeja Organisasi, Gamis, Batik, Baju Oversize, Hijab Syar'i, Menggunakan Rok/Celana Kain Panjang, Sepatu Sneaker / Running, Sepatu Coverse / Docmart / Boots, Tote Bag, Tas Laptop, Membawa Novel, Makeup Natural, Aktif Ikut Organisasi, Aktif Ikut Seminar, Bermuka adem"",""Baju Kemeja / Berkerah / Rapi, Kemeja Organisasi, Batik, Menggunakan Rok/Celana Kain Panjang, Celana Jeans, Flatshoes, Heels, Sepatu Coverse / Docmart / Boots, Hand Bag / Tas Bahu Kecil, Tas Ransel, Rambut Digerai Rapi, Patongan Rambut Unik, Rambut Styling (Catok/Curly), Outfit Vintage / Thrift / Retro, Menggunakan Headphone, Memakai Barang Branded, Membawa Novel, Makeup Natural, Wangi Parfum Kuat, Aktif Ikut Organisasi, Aktif Ikut Seminar"",""Baju Kemeja / Berkerah / Rapi, Kemeja Organisasi, Gamis, Baju Jersey, Hoodie, Batik, Kaosan, Hijab Syar'i, Menggunakan Rok/Celana Kain Panjang, Celana Jeans, Sepatu Sneaker / Running, Sepatu Coverse / Docmart / Boots, Tote Bag, Hand Bag / Tas Bahu Kecil, Tas Ransel, Rambut Diikat Satu, Patongan Rambut Unik, Makeup Natural, Aktif Ikut Organisasi, Aktif Ikut Seminar"",""Kampus, Perpustakaan, Toko Buku, Pameran Lukisan, Cafe, Gym, Taman Kota, Toko Makeup / Aksesoris, Salon / Klinik Kecantikan, Rumah / Kost, Museum"",""Taman Baca, Art Gallery, Taman Budaya, Pameran Lukisan, Mall, Car Free Day, Taman Kota, Toko Makeup / Aksesoris, Museum"",""Kampus, Sekretariat Organisasi, Taman Budaya, Pameran Lukisan, Mall, Cafe, Taman Kota, Toko Makeup / Aksesoris, Salon / Klinik Kecantikan"",""Taman Budaya, Gym, Yoga Studio, Jogging Track, Car Free Day, Toko Makeup / Aksesoris"",""Kampus, Sekretariat Organisasi, Toko Buku, Pameran Lukisan, Cafe, Jogging Track, Toko Makeup / Aksesoris, Rumah / Kost"",""Kampus, Perpustakaan, Taman Budaya, Cafe, Jogging Track, Car Free Day, Tempat Ibadah, Taman Kota, Rumah / Kost, Museum"",""Kampus, Perpustakaan, Sekretariat Organisasi, Toko Buku, Art Gallery, Mall, Cafe, Taman Kota, Toko Makeup / Aksesoris, Salon / Klinik Kecantikan, Rumah / Kost, Museum"",""Kampus, Sekretariat Organisasi, Taman Baca, Art Gallery, Taman Budaya, Mall, Cafe, Jogging Track, Taman Kota, Toko Makeup / Aksesoris, Museum"""
"12/15/2025 22:26:54,Perempuan,,,,,,,,,""Kaca mata, Baju Kemeja / Berkerah / Rapi, Kemeja Organisasi, Batik, Menggunakan Rok/Celana Kain Panjang, Sepatu Sneaker / Running, Flatshoes, Tote Bag, Tas Laptop, Tas Ransel, Rambut Digerai Rapi, Menggunakan Headphone, Memakai Smartwatch, Menggantungkan ID Card, Makeup Natural, Aktif Ikut Organisasi, Aktif Ikut Seminar, Penampilan Cuek"",""Kaca mata, Baju Kemeja / Berkerah / Rapi, Kaosan, Menggunakan Rok/Celana Kain Panjang, Celana Jeans, Flatshoes, Sepatu Coverse / Docmart / Boots, Tote Bag, Rambut Diikat Satu, Patongan Rambut Unik, Rambut Styling (Catok/Curly), Menggunakan Pewarna Rambut, Outfit Vintage / Thrift / Retro, Aksesoris Etnik (Gelang Manik, Cincin Batu), Membawa Kamera Analog, Makeup Bold (Mencolok), Wangi Parfum Kuat"",""Baju Kemeja / Berkerah / Rapi, Menggunakan Rok/Celana Kain Panjang, Sepatu Sneaker / Running, Flatshoes, Heels, Sepatu Coverse / Docmart / Boots, Tote Bag, Tas Laptop, Hand Bag / Tas Bahu Kecil, Rambut Digerai Rapi, Rambut Styling (Catok/Curly), Menggunakan Pewarna Rambut, Aksesoris Etnik (Gelang Manik, Cincin Batu), Memakai Barang Branded, Memakai Smartwatch, Makeup Bold (Mencolok), Wangi Parfum Kuat"",""Baju Jersey, Hoodie, Kaosan, Baju Oversize, Celana Training / jogger Pants / Legging, Celana Jeans, Sepatu Sneaker / Running, Sepatu Coverse / Docmart / Boots, Tas Ransel, Rambut Diikat Satu, Menggunakan Headphone, Makeup Natural, Tanpa Makeup, Wangi Parfum Kuat"",""Hoodie, Kaosan, Baju Oversize, Celana Training / jogger Pants / Legging, Celana Jeans, Sepatu Sneaker / Running, Tas Ransel, Patongan Rambut Unik, Rambut Styling (Catok/Curly), Menggunakan Pewarna Rambut, Wangi Parfum Kuat, Penampilan Cuek, Merokok / vape"",""Baju Kemeja / Berkerah / Rapi, Gamis, Baju Oversize, Hijab Syar'i, Menggunakan Rok/Celana Kain Panjang, Sepatu Sneaker / Running, Tote Bag, Makeup Natural"",""Kemeja Organisasi, Hoodie, Kaosan, Baju Oversize, Menggunakan Rok/Celana Kain Panjang, Celana Jeans, Sepatu Sneaker / Running, Tas Ransel, Rambut Diikat Satu, Membawa Kamera Analog"",""Baju Kemeja / Berkerah / Rapi, Kemeja Organisasi, Gamis, Menggunakan Rok/Celana Kain Panjang, Outfit Vintage / Thrift / Retro, Membawa Buku/Laptop Tebal, Memakai Smartwatch, Menggantungkan ID Card, Aktif Ikut Organisasi, Aktif Ikut Seminar, Penampilan Cuek"",""Kampus, Perpustakaan, Taman Baca, Toko Buku, Cafe, Rumah / Kost"",""Art Gallery, Taman Budaya, Pameran Lukisan, Mall, Cafe, Museum"",""Mall, Cafe, Toko Makeup / Aksesoris, Salon / Klinik Kecantikan, Thrift Shop"",""Gym, Yoga Studio, Jogging Track, Car Free Day, Taman Kota, Rumah / Kost"",""Kampus, Sekretariat Organisasi, Cafe, Rumah / Kost"",""Tempat Ibadah, Rumah / Kost"",""Kampus, Perpustakaan, Rumah / Kost"",""Kampus, Perpustakaan, Sekretariat Organisasi, Toko Buku"""
"12/15/2025 22:43:21,Perempuan,,,,,,,,,""Kaca mata, Baju Kemeja / Berkerah / Rapi, Menggunakan Rok/Celana Kain Panjang, Celana Jeans, Flatshoes, Heels, Tas Laptop, Tas Ransel, Patongan Rambut Unik, Menggunakan Pewarna Rambut, Menggunakan Headphone, Membawa Buku/Laptop Tebal, Makeup Natural, Aktif Ikut Organisasi, Aktif Ikut Seminar, Penampilan Cuek"",""Kaca mata, Baju Oversize, Celana Jeans, Heels, Sepatu Coverse / Docmart / Boots, Tote Bag, Hand Bag / Tas Bahu Kecil, Patongan Rambut Unik, Rambut Styling (Catok/Curly), Menggunakan Pewarna Rambut, Outfit Vintage / Thrift / Retro, Aksesoris Etnik (Gelang Manik, Cincin Batu), Menggunakan Headphone, Membawa Novel, Makeup Bold (Mencolok), Merokok / vape"",""Celana Jeans, Sepatu Sneaker / Running, Sepatu Coverse / Docmart / Boots, Hand Bag / Tas Bahu Kecil, Rambut Styling (Catok/Curly), Menggunakan Pewarna Rambut, Outfit Vintage / Thrift / Retro, Menggunakan Headphone, Memakai Barang Branded, Makeup Bold (Mencolok), Merokok / vape"",""Baju Jersey, Hoodie, Kaosan, Celana Training / jogger Pants / Legging, Sepatu Sneaker / Running, Tas Ransel, Rambut Diikat Satu, Memakai Smartwatch, Tanpa Makeup"",""Kaca mata, Baju Kemeja / Berkerah / Rapi, Kemeja Organisasi, Celana Jeans, Sepatu Sneaker / Running, Flatshoes, Sepatu Coverse / Docmart / Boots, Tas Laptop, Tas Ransel, Rambut Diikat Satu, Rambut Digerai Rapi, Menggunakan Pewarna Rambut, Menggunakan Headphone, Membawa Buku/Laptop Tebal, Tanpa Makeup, Penampilan Cuek, ada kantung mata"",""Gamis, Hijab Syar'i, Menggunakan Rok/Celana Kain Panjang, Flatshoes, Tanpa Makeup"",""Baju Kemeja / Berkerah / Rapi, Celana Jeans, Flatshoes, Tas Ransel, Rambut Diikat Satu, Menggunakan Headphone, Membawa Novel, Makeup Natural, Wangi Parfum Kuat"",""Kemeja Organisasi, Celana Jeans, Sepatu Coverse / Docmart / Boots, Makeup Natural, Aktif Ikut Organisasi, Aktif Ikut Seminar"",""Kampus, Perpustakaan, Taman Baca, Toko Buku, Pameran Lukisan, Cafe, Rumah / Kost, Museum"",""Art Gallery, Taman Budaya, Pameran Lukisan, Museum"",""Sekretariat Organisasi, Mall, Cafe, Jogging Track, Toko Makeup / Aksesoris, Salon / Klinik Kecantikan, Thrift Shop"",""Gym, Yoga Studio, Jogging Track"",Kampus,""Perpustakaan, Tempat Ibadah, Rumah / Kost"",Rumah / Kost,Sekretariat Organisasi"
"12/16/2025 1:17:46,Laki-laki,""Kaca mata, Baju Kemeja / Berkerah / Rapi, Menggunakan Rok/Celana Kain Panjang, Sepatu Coverse / Docmart / Boots, Tas Ransel, Rambut Digerai Rapi, Membawa Buku/Laptop Tebal, Aktif Ikut Seminar, Penampilan Cuek"",""Kemeja Organisasi, Baju Oversize, Menggunakan Rok/Celana Kain Panjang, Sepatu Coverse / Docmart / Boots, Tote Bag, Patongan Rambut Unik, Outfit Vintage / Thrift / Retro"",""Baju Kemeja / Berkerah / Rapi, Celana Jeans, Heels, Tote Bag, Rambut Diikat Satu, Memakai Barang Branded, Makeup Bold (Mencolok)"",""Baju Jersey, Celana Training / jogger Pants / Legging, Sepatu Sneaker / Running, Hand Bag / Tas Bahu Kecil, Rambut Styling (Catok/Curly)"",""Hoodie, Kaosan, Celana Training / jogger Pants / Legging, Celana Jeans, Sepatu Sneaker / Running, Sepatu Coverse / Docmart / Boots, Tas Ransel, Patongan Rambut Unik, Rambut Styling (Catok/Curly), Menggunakan Pewarna Rambut, Aksesoris Etnik (Gelang Manik, Cincin Batu), Merokok / vape"",""Kaca mata, Baju Kemeja / Berkerah / Rapi, Gamis, Hijab Syar'i, Menggunakan Rok/Celana Kain Panjang, Sepatu Coverse / Docmart / Boots, Tas Ransel, Rambut Digerai Rapi, Tanpa Makeup"",""Baju Kemeja / Berkerah / Rapi, Batik, Menggunakan Rok/Celana Kain Panjang, Flatshoes, Sepatu Coverse / Docmart / Boots, Tote Bag, Tas Laptop, Rambut Digerai Rapi, Memakai Smartwatch, Wangi Parfum Kuat, Penampilan Cuek"",""Kaca mata, Baju Kemeja / Berkerah / Rapi, Batik, Menggunakan Rok/Celana Kain Panjang, Sepatu Coverse / Docmart / Boots, Tas Ransel, Rambut Digerai Rapi, Aktif Ikut Organisasi, Aktif Ikut Seminar"",,,,,,,,,,,,,,,,"
"12/16/2025 4:59:28,Perempuan,,,,,,,,,Aktif Ikut Seminar,Kaosan,Memakai Barang Branded,""Baju Kemeja / Berkerah / Rapi, Baju Oversize, Sepatu Coverse / Docmart / Boots, Rambut Diikat Satu"",""Tas Laptop, Tas Ransel"",""Baju Kemeja / Berkerah / Rapi, Gamis, Baju Oversize, Hijab Syar'i, Menggunakan Rok/Celana Kain Panjang, Patongan Rambut Unik"",""Baju Kemeja / Berkerah / Rapi, Wangi Parfum Kuat"",Kaca mata,""Kampus, Perpustakaan, Sekretariat Organisasi, Taman Baca, Toko Buku, Cafe"",""Toko Buku, Art Gallery, Pameran Lukisan, Cafe, Salon / Klinik Kecantikan, Museum"",Mall,""Gym, Yoga Studio, Jogging Track"",""Kampus, Tempat Ibadah"",""Tempat Ibadah, Rumah / Kost"",""Art Gallery, Rumah / Kost, Thrift Shop"",Kampus"
12/16/2025 10:37:34,Laki-laki,Baju Kemeja / Berkerah / Rapi,Aktif Ikut Organisasi,Hand Bag / Tas Bahu Kecil,Sepatu Sneaker / Running,Baju Kemeja / Berkerah / Rapi,Hijab Syar'i,Kaosan,Sepatu Coverse / Docmart / Boots,,,,,,,,,,,,,,,,
"12/16/2025 17:28:00,Perempuan,,,,,,,,,""Baju Kemeja / Berkerah / Rapi, Menggunakan Rok/Celana Kain Panjang, Tas Ransel"",""Celana Jeans, Sepatu Sneaker / Running, Sepatu Coverse / Docmart / Boots, Tote Bag, Tas Laptop, Menggunakan Headphone"",""Hoodie, Baju Oversize, Sepatu Sneaker / Running, Rambut Styling (Catok/Curly), Menggunakan Pewarna Rambut, Outfit Vintage / Thrift / Retro, Memakai Barang Branded"",""Kaosan, Baju Oversize, Celana Training / jogger Pants / Legging, Sepatu Sneaker / Running, Memakai Smartwatch"",""Baju Kemeja / Berkerah / Rapi, Menggunakan Rok/Celana Kain Panjang, Sepatu Coverse / Docmart / Boots, Tas Laptop, Patongan Rambut Unik"",""Gamis, Hijab Syar'i, Menggunakan Rok/Celana Kain Panjang, Membawa Novel"",""Kemeja Organisasi, Batik, Flatshoes, Tote Bag, Makeup Natural"",""Kemeja Organisasi, Tote Bag, Tas Laptop, Menggantungkan ID Card, Aktif Ikut Organisasi, Aktif Ikut Seminar"",""Perpustakaan, Taman Baca"",""Art Gallery, Taman Budaya, Pameran Lukisan"",""Mall, Cafe, Yoga Studio, Toko Makeup / Aksesoris, Salon / Klinik Kecantikan"",""Taman Budaya, Gym, Yoga Studio, Jogging Track, Car Free Day"",""Kampus, Cafe, Thrift Shop"",""Tempat Ibadah, Rumah / Kost"",""Kampus, Perpustakaan, Taman Baca, Taman Budaya, Rumah / Kost"",""Kampus, Sekretariat Organisasi"""
"12/16/2025 17:38:52,Perempuan,,,,,,,,,""Baju Kemeja / Berkerah / Rapi, Menggunakan Rok/Celana Kain Panjang, Celana Jeans, Sepatu Sneaker / Running, Flatshoes, Tas Ransel, Rambut Diikat Satu, Rambut Digerai Rapi, Rambut Styling (Catok/Curly), Menggunakan Headphone, Membawa Buku/Laptop Tebal, Memakai Smartwatch, Makeup Natural, Aktif Ikut Organisasi, Aktif Ikut Seminar"",""Hoodie, Kaosan, Menggunakan Rok/Celana Kain Panjang, Celana Jeans, Sepatu Sneaker / Running, Flatshoes, Heels, Sepatu Coverse / Docmart / Boots, Tote Bag, Tas Laptop, Hand Bag / Tas Bahu Kecil, Rambut Digerai Rapi, Patongan Rambut Unik, Rambut Styling (Catok/Curly), Menggunakan Pewarna Rambut, Outfit Vintage / Thrift / Retro, Membawa Buku/Laptop Tebal, Membawa Novel, Membawa Kamera Analog, Makeup Bold (Mencolok), Wangi Parfum Kuat, Aktif Ikut Organisasi, Aktif Ikut Seminar"",""Kaosan, Baju Oversize, Menggunakan Rok/Celana Kain Panjang, Celana Jeans, Flatshoes, Heels, Sepatu Coverse / Docmart / Boots, Tote Bag, Hand Bag / Tas Bahu Kecil, Patongan Rambut Unik, Rambut Styling (Catok/Curly), Menggunakan Pewarna Rambut, Outfit Vintage / Thrift / Retro, Aksesoris Etnik (Gelang Manik, Cincin Batu), Memakai Barang Branded, Memakai Smartwatch, Makeup Bold (Mencolok), Wangi Parfum Kuat"",""Baju Jersey, Hoodie, Kaosan, Baju Oversize, Celana Training / jogger Pants / Legging, Celana Jeans, Sepatu Sneaker / Running, Sepatu Coverse / Docmart / Boots, Tas Ransel, Rambut Diikat Satu, Patongan Rambut Unik, Memakai Smartwatch, Tanpa Makeup, Aktif Ikut Organisasi, Penampilan Cuek"",""Kaca mata, Baju Kemeja / Berkerah / Rapi, Kemeja Organisasi, Menggunakan Rok/Celana Kain Panjang, Sepatu Sneaker / Running, Sepatu Coverse / Docmart / Boots, Tas Laptop, Tas Ransel, Rambut Diikat Satu, Patongan Rambut Unik, Menggunakan Pewarna Rambut, Menggunakan Headphone, Membawa Buku/Laptop Tebal, Membawa Kamera Analog, Tanpa Makeup, Penampilan Cuek, Merokok / vape"",""Kaca mata, Baju Kemeja / Berkerah / Rapi, Gamis, Hijab Syar'i, Menggunakan Rok/Celana Kain Panjang, Flatshoes, Sepatu Coverse / Docmart / Boots, Hand Bag / Tas Bahu Kecil, Tas Ransel, Memakai Smartwatch, Membawa Novel, Makeup Natural, Tanpa Makeup"",""Kaosan, Celana Jeans, Sepatu Sneaker / Running, Rambut Diikat Satu, Tanpa Makeup"",""Baju Kemeja / Berkerah / Rapi, Kemeja Organisasi, Menggunakan Rok/Celana Kain Panjang, Celana Jeans, Sepatu Sneaker / Running, Sepatu Coverse / Docmart / Boots, Tas Ransel, Patongan Rambut Unik, Tanpa Makeup, Aktif Ikut Organisasi, Aktif Ikut Seminar, Penampilan Cuek"",""Kampus, Perpustakaan, Rumah / Kost"",""Art Gallery, Taman Budaya, Pameran Lukisan, Thrift Shop"",""Mall, Cafe, Gym, Yoga Studio, Toko Makeup / Aksesoris, Salon / Klinik Kecantikan"",""Cafe, Gym, Yoga Studio, Jogging Track, Car Free Day"",""Kampus, Perpustakaan, Sekretariat Organisasi, Taman Baca, Toko Buku, Rumah / Kost"",""Sekretariat Organisasi, Rumah / Kost"",Rumah / Kost,""Kampus, Perpustakaan, Sekretariat Organisasi"""
"12/16/2025 17:50:28,Perempuan,,,,,,,,,""Kaca mata, Baju Kemeja / Berkerah / Rapi, Menggunakan Rok/Celana Kain Panjang, Tas Laptop, Rambut Diikat Satu, Membawa Buku/Laptop Tebal, Tanpa Makeup"",""Kaosan, Hijab Syar'i, Sepatu Coverse / Docmart / Boots, Tote Bag, Patongan Rambut Unik, Rambut Styling (Catok/Curly), Menggunakan Pewarna Rambut, Aksesoris Etnik (Gelang Manik, Cincin Batu), Menggunakan Headphone, Membawa Kamera Analog, Makeup Bold (Mencolok)"",""Heels, Sepatu Coverse / Docmart / Boots, Tote Bag, Hand Bag / Tas Bahu Kecil, Rambut Styling (Catok/Curly), Aksesoris Etnik (Gelang Manik, Cincin Batu), Membawa Buku/Laptop Tebal, Memakai Barang Branded, Memakai Smartwatch, Makeup Natural, Wangi Parfum Kuat"",""Hoodie, Kaosan, Celana Training / jogger Pants / Legging, Sepatu Sneaker / Running, Rambut Diikat Satu, Memakai Smartwatch, Tanpa Makeup"",""Baju Kemeja / Berkerah / Rapi, Kemeja Organisasi, Celana Jeans, Tas Laptop, Tanpa Makeup, Aktif Ikut Organisasi, Penampilan Cuek, Merokok / vape"",""Gamis, Hijab Syar'i, Menggunakan Rok/Celana Kain Panjang, Flatshoes, Tas Laptop, Tanpa Makeup"",""Kaosan, Menggunakan Rok/Celana Kain Panjang, Flatshoes, Rambut Diikat Satu, Makeup Natural, Tanpa Makeup, Penampilan Cuek"",""Kemeja Organisasi, Celana Jeans, Sepatu Sneaker / Running, Tas Ransel, Patongan Rambut Unik, Aktif Ikut Organisasi"",""Kampus, Perpustakaan, Taman Baca, Toko Buku"",""Kampus, Sekretariat Organisasi, Art Gallery, Taman Budaya, Pameran Lukisan, Thrift Shop"",""Mall, Cafe, Gym, Yoga Studio, Toko Makeup / Aksesoris, Salon / Klinik Kecantikan"",""Gym, Yoga Studio, Jogging Track, Car Free Day"",""Kampus, Sekretariat Organisasi"",""Kampus, Tempat Ibadah, Rumah / Kost"",""Kampus, Mall, Rumah / Kost"",""Kampus, Sekretariat Organisasi"""
"12/16/2025 18:28:34,Perempuan,,,,,,,,,""Baju Kemeja / Berkerah / Rapi, Batik, Menggunakan Rok/Celana Kain Panjang, Sepatu Sneaker / Running, Flatshoes, Heels, Sepatu Coverse / Docmart / Boots, Tote Bag, Tas Laptop, Tas Ransel, Rambut Diikat Satu, Rambut Digerai Rapi, Patongan Rambut Unik, Rambut Styling (Catok/Curly), Menggunakan Pewarna Rambut, Outfit Vintage / Thrift / Retro, Menggunakan Headphone, Membawa Buku/Laptop Tebal, Memakai Smartwatch, Makeup Bold (Mencolok), Makeup Natural, Tanpa Makeup, Aktif Ikut Organisasi, Aktif Ikut Seminar"",""Kaca mata, Kemeja Organisasi, Baju Jersey, Hoodie, Batik, Kaosan, Baju Oversize, Hijab Syar'i, Menggunakan Rok/Celana Kain Panjang, Celana Training / jogger Pants / Legging, Celana Jeans, Sepatu Sneaker / Running, Sepatu Coverse / Docmart / Boots, Tote Bag, Hand Bag / Tas Bahu Kecil, Tas Ransel, Patongan Rambut Unik, Rambut Styling (Catok/Curly), Menggunakan Pewarna Rambut, Outfit Vintage / Thrift / Retro, Aksesoris Etnik (Gelang Manik, Cincin Batu), Menggunakan Headphone, Membawa Kamera Analog, Aktif Ikut Seminar"",""Hoodie, Celana Jeans, Sepatu Sneaker / Running, Sepatu Coverse / Docmart / Boots, Hand Bag / Tas Bahu Kecil, Patongan Rambut Unik, Rambut Styling (Catok/Curly), Outfit Vintage / Thrift / Retro, Memakai Barang Branded, Memakai Smartwatch, Makeup Bold (Mencolok), Wangi Parfum Kuat"",""Baju Jersey, Hoodie, Kaosan, Baju Oversize, Celana Training / jogger Pants / Legging, Sepatu Sneaker / Running, Tas Ransel, Rambut Diikat Satu, Outfit Vintage / Thrift / Retro, Memakai Smartwatch, Tanpa Makeup, Wangi Parfum Kuat"",""Kaca mata, Baju Kemeja / Berkerah / Rapi, Kemeja Organisasi, Hoodie, Batik, Menggunakan Rok/Celana Kain Panjang, Celana Training / jogger Pants / Legging, Celana Jeans, Sepatu Sneaker / Running, Sepatu Coverse / Docmart / Boots, Tas Laptop, Tas Ransel, Rambut Diikat Satu, Outfit Vintage / Thrift / Retro, Membawa Buku/Laptop Tebal, Tanpa Makeup, Aktif Ikut Organisasi, Aktif Ikut Seminar, Penampilan Cuek, Merokok / vape"",""Gamis, Baju Oversize, Hijab Syar'i, Menggunakan Rok/Celana Kain Panjang, Sepatu Sneaker / Running, Sepatu Coverse / Docmart / Boots, Tote Bag, Tas Laptop, Tanpa Makeup, Penampilan Cuek"",""Baju Kemeja / Berkerah / Rapi, Kaosan, Baju Oversize, Celana Training / jogger Pants / Legging, Tote Bag, Hand Bag / Tas Bahu Kecil, Rambut Digerai Rapi, Membawa Novel"",""Kemeja Organisasi, Membawa Novel, Membawa Kamera Analog"",""Kampus, Perpustakaan, Toko Buku, Rumah / Kost, Museum"",""Taman Baca, Toko Buku, Art Gallery, Taman Budaya, Pameran Lukisan, Mall, Cafe, Yoga Studio, Toko Makeup / Aksesoris"",""Kampus, Taman Budaya, Pameran Lukisan, Mall, Cafe, Gym, Yoga Studio, Jogging Track, Car Free Day, Taman Kota, Toko Makeup / Aksesoris, Salon / Klinik Kecantikan"",""Gym, Yoga Studio, Jogging Track, Car Free Day"",""Sekretariat Organisasi, Rumah / Kost"",""Tempat Ibadah, Taman Kota, Rumah / Kost"",Rumah / Kost,""Sekretariat Organisasi, Taman Baca, Toko Buku, Taman Budaya, Pameran Lukisan, Taman Kota, Rumah / Kost"""
"12/16/2025 21:23:46,Perempuan,,,,,,,,,""Kaca mata, Baju Kemeja / Berkerah / Rapi, Kemeja Organisasi, Gamis, Hijab Syar'i, Menggunakan Rok/Celana Kain Panjang, Flatshoes, Tote Bag, Tas Laptop, Tas Ransel, Rambut Diikat Satu, Rambut Digerai Rapi, Rambut Styling (Catok/Curly), Membawa Buku/Laptop Tebal, Menggantungkan ID Card, Makeup Natural, Tanpa Makeup, Aktif Ikut Organisasi"",""Hoodie, Kaosan, Baju Oversize, Celana Training / jogger Pants / Legging, Celana Jeans, Sepatu Coverse / Docmart / Boots, Hand Bag / Tas Bahu Kecil, Patongan Rambut Unik, Menggunakan Pewarna Rambut, Outfit Vintage / Thrift / Retro, Aksesoris Etnik (Gelang Manik, Cincin Batu), Menggunakan Headphone, Makeup Bold (Mencolok), Penampilan Cuek"",""Baju Kemeja / Berkerah / Rapi, Celana Jeans, Flatshoes, Heels, Tote Bag, Hand Bag / Tas Bahu Kecil, Rambut Styling (Catok/Curly), Menggunakan Pewarna Rambut, Memakai Barang Branded, Makeup Bold (Mencolok), Wangi Parfum Kuat"",""Baju Jersey, Kaosan, Celana Training / jogger Pants / Legging, Sepatu Sneaker / Running, Memakai Smartwatch, Penampilan Cuek"",""Kaca mata, Kaosan, Menggunakan Rok/Celana Kain Panjang, Celana Jeans, Sepatu Coverse / Docmart / Boots, Patongan Rambut Unik, Membawa Buku/Laptop Tebal, Tanpa Makeup, Penampilan Cuek"",""Baju Kemeja / Berkerah / Rapi, Gamis, Hijab Syar'i, Menggunakan Rok/Celana Kain Panjang, Flatshoes, Sepatu Coverse / Docmart / Boots, Tote Bag, Tas Laptop, Tas Ransel, Makeup Natural, Tanpa Makeup"",""Baju Kemeja / Berkerah / Rapi, Kaosan, Baju Oversize, Menggunakan Rok/Celana Kain Panjang, Flatshoes, Hand Bag / Tas Bahu Kecil, Rambut Digerai Rapi, Tanpa Makeup, Penampilan Cuek"",""Baju Kemeja / Berkerah / Rapi, Kemeja Organisasi, Gamis, Hijab Syar'i, Flatshoes, Sepatu Coverse / Docmart / Boots, Tas Ransel, Rambut Digerai Rapi, Makeup Natural, Aktif Ikut Organisasi, Aktif Ikut Seminar"",""Kampus, Perpustakaan, Toko Buku, Rumah / Kost"",""Art Gallery, Taman Budaya, Pameran Lukisan, Museum"",""Mall, Cafe, Gym, Yoga Studio"",""Gym, Yoga Studio, Jogging Track, Car Free Day, Taman Kota"",""Kampus, Perpustakaan"",""Kampus, Tempat Ibadah, Rumah / Kost"",""Kampus, Rumah / Kost, Thrift Shop"",""Kampus, Sekretariat Organisasi, Taman Budaya"""
